-- phpMyAdmin SQL Dump
-- version 5.2.0
-- https://www.phpmyadmin.net/
--
-- Host: 127.0.0.1
-- Generation Time: Oct 17, 2022 at 05:46 PM
-- Server version: 10.4.24-MariaDB
-- PHP Version: 7.4.29

SET SQL_MODE = "NO_AUTO_VALUE_ON_ZERO";
START TRANSACTION;
SET time_zone = "+00:00";


/*!40101 SET @OLD_CHARACTER_SET_CLIENT=@@CHARACTER_SET_CLIENT */;
/*!40101 SET @OLD_CHARACTER_SET_RESULTS=@@CHARACTER_SET_RESULTS */;
/*!40101 SET @OLD_COLLATION_CONNECTION=@@COLLATION_CONNECTION */;
/*!40101 SET NAMES utf8mb4 */;

--
-- Database: `e_voting`
--

-- --------------------------------------------------------

--
-- Table structure for table `db_admins`
--

CREATE TABLE `db_admins` (
  `name` varchar(50) NOT NULL,
  `email` varchar(255) NOT NULL,
  `password` text NOT NULL,
  `avatar` varchar(255) NOT NULL,
  `created` int(20) NOT NULL
) ENGINE=InnoDB DEFAULT CHARSET=utf8mb4;

--
-- Dumping data for table `db_admins`
--

INSERT INTO `db_admins` (`name`, `email`, `password`, `avatar`, `created`) VALUES
('Rahmat Hidayat', 'dev.rahmathidayat@gmail.com', '$e43$2c3eab2c3d3c2c75a4474273a668a1a08e3f3d9c7d71ac9ca2a49693a57f9a47a78d3c724691aaa17ba5a1a4927f6e93a4a43f4346429943479296a5/2c91403f2c3e8f3f918d8e3e8f3f903f8f3e8f43418d404043403e433f8d4242468d3d8d3c46913f923f90478f4390433d8d8f478f8d3e8d404742473f8d414392478d40438d4346903f8f433e4042473d8d8d8d3d438e8d418d3d8d40473e43924291473f8d408d403f92403f4042403e4747403f4043473e47428d41', 'rahmat-hidayat-1.jpg', 1638777379);

-- --------------------------------------------------------

--
-- Table structure for table `db_campaign`
--

CREATE TABLE `db_campaign` (
  `code` varchar(5) NOT NULL,
  `number` int(2) NOT NULL
) ENGINE=InnoDB DEFAULT CHARSET=utf8mb4;

--
-- Dumping data for table `db_campaign`
--

INSERT INTO `db_campaign` (`code`, `number`) VALUES
('D62GF', 1),
('GPF7B', 2),
('85BH4', 3),
('JBU8F', 4);

-- --------------------------------------------------------

--
-- Table structure for table `db_candidate`
--

CREATE TABLE `db_candidate` (
  `candidate_code` varchar(5) NOT NULL,
  `code` varchar(5) NOT NULL,
  `name` varchar(255) NOT NULL,
  `image` varchar(255) NOT NULL,
  `role` varchar(5) NOT NULL
) ENGINE=InnoDB DEFAULT CHARSET=utf8mb4;

--
-- Dumping data for table `db_candidate`
--

INSERT INTO `db_candidate` (`candidate_code`, `code`, `name`, `image`, `role`) VALUES
('3EKET', 'GPF7B', 'Syifa Aulia', 'ArVk9H7E0jFZ3RDPsllmtvc0la2EYaMkLRx7yqvAlw5LYfQ5n3.png', 'FSG5S'),
('P1DDI', 'D62GF', 'Muhammad Fikri', 'Th4OniYrOsvutZEJeDs7bXkxCOR8Q3TTE7PxBOZV8qb1TquORu.png', 'FSG5S'),
('QXXWK', '85BH4', 'Ahmad Dida Septian', 's6jLgXQGmp2c57BbdVJrTDyj0ylSJXkmHVr5OdzDv5vR7HYiT0.png', 'FSG5S');

-- --------------------------------------------------------

--
-- Table structure for table `db_candidate_role`
--

CREATE TABLE `db_candidate_role` (
  `code` varchar(5) NOT NULL,
  `name` varchar(255) NOT NULL
) ENGINE=InnoDB DEFAULT CHARSET=utf8mb4;

--
-- Dumping data for table `db_candidate_role`
--

INSERT INTO `db_candidate_role` (`code`, `name`) VALUES
('FSG5S', 'President'),
('NUBNF', 'Vice President');

-- --------------------------------------------------------

--
-- Table structure for table `db_class`
--

CREATE TABLE `db_class` (
  `class_code` varchar(255) NOT NULL,
  `code` varchar(255) NOT NULL,
  `name` varchar(255) NOT NULL,
  `role` varchar(5) NOT NULL,
  `since` varchar(5) NOT NULL
) ENGINE=InnoDB DEFAULT CHARSET=utf8mb4;

--
-- Dumping data for table `db_class`
--

INSERT INTO `db_class` (`class_code`, `code`, `name`, `role`, `since`) VALUES
('1GELR', 'B007', 'OM-19-008/009', 'X5F42', 'GSDWF'),
('7AF5T', 'BK007', 'OAA-21-003', 'X5F42', 'SFVBN'),
('9BKDA', 'B007', 'OM-20-001', 'X5F42', 'JHBVD'),
('A6C5F', '7RKWC', 'FINANCE', 'H7CD9', 'JM83M'),
('ADV6H', 'BK007', 'OAA-21-002', 'X5F42', 'SFVBN'),
('BFKL6', 'B003', 'KA-20-007', 'X5F42', 'JHBVD'),
('F72G6', 'B004', 'IK-20-001', 'X5F42', 'JHBVD'),
('FXG3J', 'B007', 'OM-17-002', 'X5F42', 'CDSSD'),
('G9FMF', 'B003', 'KA-19-005/006', 'X5F42', 'GSDWF'),
('GVW56', 'T014', 'TI-19-005/006', 'X5F42', 'GSDWF'),
('H7JA8', 'BK007', 'OAA-21-001', 'X5F42', 'SFVBN'),
('HJF6F', 'BK003', 'AIS-21-001', 'X5F42', 'SFVBN'),
('HVKAJ', 'BK004', 'ASE-21-001', 'X5F42', 'SFVBN'),
('J035G', 'B007', 'OM-20-002', 'X5F42', 'JHBVD'),
('JBWCL', 'ZE6TU', 'MARKETING', 'H7CD9', 'JM83M'),
('JGA81', 'B007', 'OM-19-006/007', 'X5F42', 'GSDWF'),
('JUYWG', '0HHGU', 'HRD AND GA', 'H7CD9', 'JM83M'),
('UEBD3', 'BS3NX', 'EDUCATION', 'H7CD9', 'JM83M'),
('UUC68', 'R9QKA', 'COOPERATION AND PLACEMENT', 'H7CD9', 'JM83M'),
('WXKKK', 'ZMCQJ', 'BRANCH MANAGER', 'H7CD9', 'JM83M');

-- --------------------------------------------------------

--
-- Table structure for table `db_major`
--

CREATE TABLE `db_major` (
  `code` varchar(255) NOT NULL,
  `name` varchar(255) NOT NULL
) ENGINE=InnoDB DEFAULT CHARSET=utf8mb4;

--
-- Dumping data for table `db_major`
--

INSERT INTO `db_major` (`code`, `name`) VALUES
('0HHGU', 'Hrd And Ga'),
('7RKWC', 'Finance'),
('B001', 'Business Administration'),
('B003', 'Computerized Accounting'),
('B004', 'Informatics Computer'),
('B007', 'Office Management'),
('BK003', 'Accounting Information System'),
('BK004', 'Application Software Engineering'),
('BK007', 'Office Administration Automatization'),
('BS3NX', 'Education'),
('R9QKA', 'Cooperation And Placement'),
('T014', 'Information Technology'),
('ZE6TU', 'Marketing'),
('ZMCQJ', 'Branch Manager');

-- --------------------------------------------------------

--
-- Table structure for table `db_roles`
--

CREATE TABLE `db_roles` (
  `code` varchar(5) NOT NULL,
  `name` varchar(255) NOT NULL
) ENGINE=InnoDB DEFAULT CHARSET=utf8mb4;

--
-- Dumping data for table `db_roles`
--

INSERT INTO `db_roles` (`code`, `name`) VALUES
('H7CD9', 'Management'),
('X5F42', 'Student');

-- --------------------------------------------------------

--
-- Table structure for table `db_sinces`
--

CREATE TABLE `db_sinces` (
  `code` varchar(5) NOT NULL,
  `name` varchar(255) NOT NULL
) ENGINE=InnoDB DEFAULT CHARSET=utf8mb4;

--
-- Dumping data for table `db_sinces`
--

INSERT INTO `db_sinces` (`code`, `name`) VALUES
('CDSSD', '2017'),
('GSDWF', '2019'),
('JHBVD', '2020'),
('JM83M', '2018'),
('KLFHS', '2022'),
('SFVBN', '2021');

-- --------------------------------------------------------

--
-- Table structure for table `db_users`
--

CREATE TABLE `db_users` (
  `nim` varchar(255) NOT NULL,
  `password` text NOT NULL,
  `name` varchar(255) NOT NULL,
  `class` varchar(255) NOT NULL,
  `status` int(1) NOT NULL
) ENGINE=InnoDB DEFAULT CHARSET=utf8mb4;

--
-- Dumping data for table `db_users`
--

INSERT INTO `db_users` (`nim`, `password`, `name`, `class`, `status`) VALUES
('1312124354210', '$7d$3d4741404041413e/2c43902c3f904043403d403c403c403d403d3f91', 'Andri Febriansyah', 'JBWCL', 1),
('1312124354211', '$9b$403c3f473c3c4147/2c478e2c403c3f8f3f9240433f8f3f8f403d4043', 'Rima Ambarsari', 'JBWCL', 1),
('1312124354212', '$77$473e434247463f3e/2c43432c40433f91403f403e404340423f923f91', 'Neng Naza Atusaidah', 'JBWCL', 1),
('1312124354213', '$95$463e473e46433e3e/2c47412c40423f9140433f914042403f3f913f91', 'Ade Mellianie Fitri', 'JBWCL', 1),
('1312124354214', '$63$413d3c3c3c47423e/2c423f2c403d3f903f8f3f8f3f8f4043403e3f91', 'Arkani Nurul Khasanah', 'JBWCL', 1),
('1312124354215', '$9f$42404040463f463e/2c47922c403e403c403c403c40423f9240423f91', 'Rina Oktaviani', 'JBWCL', 1),
('1312124354216', '$54$413e3e423e46473d/2c41402c403d3f913f91403e3f91404240433f90', 'Sopia Widyanti', 'JBWCL', 1),
('1312124354217', '$82$3d423e413c433f42/2c463e2c3f90403e3f91403d3f8f403f3f92403e', 'Ahmad Nurohim', 'UEBD3', 1),
('1312124354228', '$8b$43433c463f463d47/2c468e2c403f403f3f8f40423f9240423f904043', 'Esty Yuliana Puspasari', 'UEBD3', 1),
('1312124354231', '$8a$3d3e423d3d3f4046/2c468d2c3f903f91403e3f903f903f92403c4042', 'Ferawaty Mugi Wijaya', 'WXKKK', 0),
('1312124354232', '$94$413e47423c3d4646/2c47402c403d3f914043403e3f8f3f9040424042', 'Leli Anjania', 'A6C5F', 0),
('1312124354233', '$90$3c3e414047464643/2c473c2c3f8f3f91403d403c404340424042403f', 'Ika Tri Hastuti', 'A6C5F', 1),
('1312124354234', '$90$3c4243413e433c43/2c473c2c3f8f403e403f403d3f91403f3f8f403f', 'Tysha Freemaiga Putri', 'A6C5F', 1),
('1312124354235', '$78$3c403e463c3c3e42/2c43462c3f8f403c3f9140423f8f3f8f3f91403e', 'Della Febriani', 'JUYWG', 1),
('1312124354236', '$5a$413c3c3c473f3f3f/2c418d2c403d3f8f3f8f3f8f40433f923f923f92', 'Faisal', 'JUYWG', 1),
('1312124354237', '$94$3c43433d3d41423d/2c47402c3f8f403f403f3f903f90403d403e3f90', 'Subrojo Yudho Asmoro', 'JUYWG', 1),
('1312124354238', '$77$3c413e3c3d423f3d/2c43432c3f8f403d3f913f8f3f90403e3f923f90', 'Dea Fujastuti', 'UEBD3', 1),
('1312124354239', '$6b$3e463d4041463f3d/2c428e2c3f9140423f90403c403d40423f923f90', 'Taufiq Azhari Siregar', 'UUC68', 1),
('1710910070074', '$68$3d3d473c3e40463d/2c42462c3f903f9040433f8f3f91403c40423f90', 'Melisa Agustin', 'FXG3J', 0),
('1710910070078', '$8d$40403c403d3e4343/2c46902c403c403c3f8f403c3f903f91403f403f', 'Listia Ramadhanti', 'FXG3J', 0),
('1910910030001', '$a3$47463f4642423f43/2c8d3f2c404340423f924042403e403e3f92403f', 'Eli Rohmawati', 'G9FMF', 0),
('1910910030002', '$a3$3d3e463e46404043/2c8d3f2c3f903f9140423f914042403c403c403f', 'Meliana', 'G9FMF', 0),
('1910910030006', '$6c$3f43413c403d4742/2c428f2c3f92403f403d3f8f403c3f904043403e', 'Rina Oktaviani', 'G9FMF', 0),
('1910910030008', '$86$4346403e3d433d47/2c46422c403f4042403c3f913f90403f3f904043', 'Rany Susanti', 'G9FMF', 0),
('1910910030010', '$66$434247433c424040/2c42422c403f403e4043403f3f8f403e403c403c', 'Rahayu Auliana', 'G9FMF', 0),
('1910910030013', '$65$4143474140423c47/2c42412c403d403f4043403d403c403e3f8f4043', 'Yunita Wijaya', 'G9FMF', 0),
('1910910030018', '$80$463e43433c3e463e/2c463c2c40423f91403f403f3f8f3f9140423f91', 'Melati Krisna Ningrum', 'G9FMF', 0),
('1910910030020', '$7d$3e3e423c3d47423d/2c43902c3f913f91403e3f8f3f904043403e3f90', 'Rizky Agustian Avianto', 'G9FMF', 0),
('1910910030024', '$4d$3f3e473f3d3c4046/2c40902c3f923f9140433f923f903f8f403c4042', 'Elvira Ekayani', 'G9FMF', 0),
('1910910030027', '$47$46403f3e3f3c4642/2c40432c4042403c3f923f913f923f8f4042403e', 'Nurhasanah', 'G9FMF', 0),
('1910910030030', '$6d$3c3e423d42414042/2c42902c3f8f3f91403e3f90403e403d403c403e', 'Dinda Mila Nuraida', 'G9FMF', 0),
('1910910030031', '$9f$423e403c403e4641/2c47922c403e3f91403c3f8f403c3f914042403d', 'Fitriah', 'G9FMF', 0),
('1910910030032', '$54$41473e413f3c3e3e/2c41402c403d40433f91403d3f923f8f3f913f91', 'Yeni Najiah Septiani', 'G9FMF', 0),
('1910910030033', '$45$3d3e3d46423e4040/2c40412c3f903f913f904042403e3f91403c403c', 'Yena Najiah Septiana', 'G9FMF', 0),
('1910910030034', '$9f$3e423d43473f3e43/2c47922c3f91403e3f90403f40433f923f91403f', 'Nanda Latipah', 'G9FMF', 0),
('1910910030035', '$5f$3c3e3d423f404342/2c41922c3f8f3f913f90403e3f92403c403f403e', 'Shilva Annisa Aulia', 'G9FMF', 0),
('1910910030037', '$87$41464041413e3d47/2c46432c403d4042403c403d403d3f913f904043', 'Riska Nuraeni', 'G9FMF', 0),
('1910910030044', '$9f$47413e3c41464740/2c47922c4043403d3f913f8f403d40424043403c', 'Nanda Selviana', 'G9FMF', 0),
('1910910030046', '$9d$3e3c3e3e473e4042/2c47902c3f913f8f3f913f9140433f91403c403e', 'Dida Hendrawan', 'G9FMF', 0),
('1910910030047', '$79$3d423c403d434643/2c43472c3f90403e3f8f403c3f90403f4042403f', 'Fitria Putri Febrianti', 'G9FMF', 0),
('1910910030048', '$7e$40474047403f4742/2c43912c403c4043403c4043403c3f924043403e', 'Anisa Putri Direja', 'G9FMF', 0),
('1910910030050', '$5a$4041423e47423d3e/2c418d2c403c403d403e3f914043403e3f903f91', 'Ayu Nurlatifah', 'G9FMF', 0),
('1910910030051', '$a2$3e474146473c4246/2c8d3e2c3f914043403d404240433f8f403e4042', 'Diah Putri Puspita Sari', 'G9FMF', 0),
('1910910030052', '$92$3e3e3d3f4341473d/2c473e2c3f913f913f903f92403f403d40433f90', 'Dinda Arifani', 'G9FMF', 0),
('1910910030054', '$82$433f3e433e404646/2c463e2c403f3f923f91403f3f91403c40424042', 'Novitasari', 'G9FMF', 0),
('1910910030055', '$53$3f3e473f413d3e43/2c413f2c3f923f9140433f92403d3f903f91403f', 'Nuriyah', 'G9FMF', 0),
('1910910030056', '$53$3f3c47463c474341/2c413f2c3f923f8f404340423f8f4043403f403d', 'Nurul Hidayah Noki Putri', 'G9FMF', 0),
('1910910030059', '$40$3c3c3c3e3d414040/2c403c2c3f8f3f8f3f8f3f913f90403d403c403c', 'Ratu Widia Hartanti', 'G9FMF', 0),
('1910910030060', '$51$3c3f3f4242403d3d/2c413d2c3f8f3f923f92403e403e403c3f903f90', 'Susant Febrianti', 'G9FMF', 0),
('1910910030063', '$92$3d3d3c3d47473d3e/2c473e2c3f903f903f8f3f90404340433f903f91', 'Nela Napisyah', 'G9FMF', 0),
('1910910030065', '$52$464341423e3e4140/2c413e2c4042403f403d403e3f913f91403d403c', 'Abdullah Affan', 'G9FMF', 0),
('1910910030066', '$71$413f463d42403d3c/2c433d2c403d3f9240423f90403e403c3f903f8f', 'Siti Nurhasanah', 'G9FMF', 0),
('1910910030068', '$8d$3f3c403d473f3e41/2c46902c3f923f8f403c3f9040433f923f91403d', 'Asri Oktavianti', 'G9FMF', 0),
('1910910030069', '$8f$423d433c4142423d/2c46922c403e3f90403f3f8f403d403e403e3f90', 'Michelle Nara Puspita', 'G9FMF', 0),
('1910910030070', '$56$413f40403c3f4746/2c41422c403d3f92403c403c3f8f3f9240434042', 'Muhamad Septian', 'G9FMF', 0),
('1910910070001', '$4f$3f42473f3c3c423d/2c40922c3f92403e40433f923f8f3f8f403e3f90', 'Diki Pebri Apriyanto', '1GELR', 0),
('1910910070005', '$41$46473c4140423e3d/2c403d2c404240433f8f403d403c403e3f913f90', 'Antika Mega Dwi Lestari', 'JGA81', 0),
('1910910070007', '$62$46413d3d3d41473c/2c423e2c4042403d3f903f903f90403d40433f8f', 'Faras Resyifa', '1GELR', 0),
('1910910070008', '$46$433d434141403c43/2c40422c403f3f90403f403d403d403c3f8f403f', 'Widia Astuti', 'JGA81', 0),
('1910910070009', '$43$3f464047433f3c3e/2c403f2c3f924042403c4043403f3f923f8f3f91', 'Disdi Anggraeni', 'JGA81', 0),
('1910910070013', '$6e$424647413d43423f/2c42912c403e40424043403d3f90403f403e3f92', 'Karina Tantri', '1GELR', 0),
('1910910070016', '$a2$424741433c3d3d40/2c8d3e2c403e4043403d403f3f8f3f903f90403c', 'Indah Septiany Putri', '1GELR', 0),
('1910910070017', '$6c$463c434242464147/2c428f2c40423f8f403f403e403e4042403d4043', 'Jundia Dwi Nengtiyas', '1GELR', 0),
('1910910070018', '$97$4743413d423e4141/2c47432c4043403f403d3f90403e3f91403d403d', 'Tanti Viana Natalia Lenunduan', '1GELR', 0),
('1910910070019', '$a2$46413c403d3c4041/2c8d3e2c4042403d3f8f403c3f903f8f403c403d', 'Arkani Nurul Khasanah', '1GELR', 0),
('1910910070021', '$80$3c433d413d41473f/2c463c2c3f8f403f3f90403d3f90403d40433f92', 'Cucun Sopiyanti', '1GELR', 0),
('1910910070023', '$68$3d473d3d46464043/2c42462c3f9040433f903f9040424042403c403f', 'Karmila Indri Yulistiani', '1GELR', 0),
('1910910070024', '$4d$4041463e4341423d/2c40902c403c403d40423f91403f403d403e3f90', 'Titin Wartini', 'JGA81', 0),
('1910910070028', '$4f$463c3d413e3e403f/2c40922c40423f8f3f90403d3f913f91403c3f92', 'Heti', '1GELR', 0),
('1910910070037', '$86$403f423c433d3f47/2c46422c403c3f92403e3f8f403f3f903f924043', 'Tety Febriyanti', '1GELR', 0),
('1910910070038', '$59$434147463f404041/2c41472c403f403d404340423f92403c403c403d', 'Dini Alfiani', '1GELR', 0),
('1910910070040', '$86$433d424043424142/2c46422c403f3f90403e403c403f403e403d403e', 'Indriyani', 'JGA81', 0),
('1910910070043', '$58$3f41474042474341/2c41462c3f92403d4043403c403e4043403f403d', 'Siti Nuraeni', 'JGA81', 0),
('1910910070046', '$6d$3c41424646473c3e/2c42902c3f8f403d403e4042404240433f8f3f91', 'Ana Wahyuni', '1GELR', 0),
('1910910070048', '$49$3c474347463e463e/2c40472c3f8f4043403f404340423f9140423f91', 'Nita Permatasari', '1GELR', 0),
('1910910070052', '$9f$43474347433c3d40/2c47922c403f4043403f4043403f3f8f3f90403c', 'Wida Sariningsih', 'JGA81', 0),
('1910910070053', '$8d$3d413c413d463f3f/2c46902c3f90403d3f8f403d3f9040423f923f92', 'Sri Sulihati', 'JGA81', 0),
('1910910070055', '$4c$47433d3c43434740/2c408f2c4043403f3f903f8f403f403f4043403c', 'Widy Fuji Astuti', '1GELR', 0),
('1910910070058', '$99$463e414640404341/2c47472c40423f91403d4042403c403c403f403d', 'Neng Lita Nurlaelani', 'JGA81', 0),
('1910910070060', '$6f$43473c42473e423d/2c42922c403f40433f8f403e40433f91403e3f90', 'Diana Rahmawati', 'JGA81', 0),
('1910910070062', '$4b$473c463f433d3f3e/2c408e2c40433f8f40423f92403f3f903f923f91', 'Hanan Anjani', '1GELR', 0),
('1910910070063', '$40$4340414746404642/2c403c2c403f403c403d40434042403c4042403e', 'Azlina Balqis', 'JGA81', 0),
('1910910070064', '$92$3e46463d463c3c43/2c473e2c3f91404240423f9040423f8f3f8f403f', 'Hanifatussaidah', 'GVW56', 0),
('1910910070065', '$4d$3d423d3c413d3f3e/2c40902c3f90403e3f903f8f403d3f903f923f91', 'Mega Kamelia', '1GELR', 0),
('1910910070068', '$75$42403d3e41423e40/2c43412c403e403c3f903f91403d403e3f91403c', 'Nurul Hamidah', 'JGA81', 0),
('1910910070069', '$82$3f3d3f434342463f/2c463e2c3f923f903f92403f403f403e40423f92', 'Ayu Utari', '1GELR', 0),
('1910910070071', '$5f$3d47433d42413e43/2c41922c3f904043403f3f90403e403d3f91403f', 'Silvia Dewiliana', '1GELR', 0),
('1910910070072', '$4d$403c43463c414143/2c40902c403c3f8f403f40423f8f403d403d403f', 'Dhea Putri Rizkyani', '1GELR', 0),
('1910910070075', '$97$474240433e3d3e3e/2c47432c4043403e403c403f3f913f903f913f91', 'Tiara Andini Bachtiar', '1GELR', 0),
('1910910070078', '$7a$40474346413d4042/2c438d2c403c4043403f4042403d3f90403c403e', 'Chika Oktaviani', '1GELR', 0),
('1910910070079', '$64$43473d3f3f3d3f3d/2c42402c403f40433f903f923f923f903f923f90', 'Ani Sri Aryani', 'JGA81', 0),
('1910910070082', '$65$3d43403c3f46413e/2c42412c3f90403f403c3f8f3f924042403d3f91', 'Wiwin Andiani', '1GELR', 0),
('1910910070087', '$58$473f403d3d463d3f/2c41462c40433f92403c3f903f9040423f903f92', 'Eviyana Agista', 'JGA81', 0),
('1910910070089', '$66$463c403f463e403d/2c42422c40423f8f403c3f9240423f91403c3f90', 'Sopia Widiyanti', 'JGA81', 0),
('1910910070091', '$50$3c413c3e42403c40/2c413c2c3f8f403d3f8f3f91403e403c3f8f403c', 'Hila Lindrati', '1GELR', 0),
('1910910070092', '$7c$46423c47473e463f/2c438f2c4042403e3f8f404340433f9140423f92', 'Aisyah Rahmania', '1GELR', 0),
('1910910070096', '$7f$3c3f464243414340/2c43922c3f8f3f924042403e403f403d403f403c', 'Rangga Setiaji', 'JGA81', 0),
('1910910070107', '$70$40433c4246403c42/2c433c2c403c403f3f8f403e4042403c3f8f403e', 'Siti Nurlaela Sari', 'JGA81', 0),
('1910910070108', '$66$3e3d433f41463f42/2c42422c3f913f90403f3f92403d40423f92403e', 'Anggita Anggraeni', '1GELR', 0),
('1910910070114', '$9a$423f3f3d423e4643/2c478d2c403e3f923f923f90403e3f914042403f', 'Cindy Nurdiana', '1GELR', 0),
('1910910070115', '$7a$3f433e463e47433f/2c438d2c3f92403f3f9140423f914043403f3f92', 'Bunga Septy Russandi', 'JGA81', 0),
('1910910070117', '$98$3e3e463f3c463c3f/2c47462c3f913f9140423f923f8f40423f8f3f92', 'Dinda Mutiara', 'JGA81', 0),
('1910910070118', '$6a$3f3f463c46473c46/2c428d2c3f923f9240423f8f404240433f8f4042', 'Aji Kriswanto', 'JGA81', 0),
('1910910070119', '$56$434346413c463c3e/2c41422c403f403f4042403d3f8f40423f8f3f91', 'Sri Ratna Dewi', 'JGA81', 0),
('1910910070125', '$91$403d3e433d403f47/2c473d2c403c3f903f91403f3f90403c3f924043', 'Annisa Febrianty', '1GELR', 0),
('1910910070128', '$93$3f3f3c433d3c463e/2c473f2c3f923f923f8f403f3f903f8f40423f91', 'Leni Kamelia', '1GELR', 0),
('1910910070129', '$60$4340433c3c43463c/2c423c2c403f403c403f3f8f3f8f403f40423f8f', 'Nisa Dwi Aulia', '1GELR', 0),
('1910910070131', '$9f$473c463c3c3c4142/2c47922c40433f8f40423f8f3f8f3f8f403d403e', 'Rudi Hayana', 'JGA81', 0),
('1910910070132', '$71$464141474640423e/2c433d2c4042403d403d40434042403c403e3f91', 'Sapna Indriyati', 'JGA81', 0),
('1910910070133', '$5e$3e473e3f3c423d3d/2c41912c3f9140433f913f923f8f403e3f903f90', 'Uneng', 'JGA81', 0),
('1910910070134', '$68$403c43423c46413d/2c42462c403c3f8f403f403e3f8f4042403d3f90', 'Dilla Salsabila', 'JGA81', 0),
('1910910070136', '$9d$4141463d433f3e46/2c47902c403d403d40423f90403f3f923f914042', 'Anne Febrianti', 'JGA81', 0),
('1910910070137', '$5d$3d43423f473c423f/2c41902c3f90403f403e3f9240433f8f403e3f92', 'Hasna Fakhriyah', 'JGA81', 0),
('1910910070139', '$74$463f4643433c3f3d/2c43402c40423f924042403f403f3f8f3f923f90', 'Indah Adhia Sabila', 'JGA81', 0),
('1910910070143', '$6a$4747413f3f424042/2c428d2c40434043403d3f923f92403e403c403e', 'Siti Habsah', 'JGA81', 0),
('1910910070144', '$81$4746463d3c3e403c/2c463d2c4043404240423f903f8f3f91403c3f8f', 'Fatikah Windi Murti', 'JGA81', 0),
('1910920140004', '$44$473d47403c41463c/2c40402c40433f904043403c3f8f403d40423f8f', 'Fitria Mulia Ningsih', 'GVW56', 0),
('1910920140013', '$98$403d3c423e434040/2c47462c403c3f903f8f403e3f91403f403c403c', 'Amanda Aprilia Putri', 'GVW56', 0),
('1910920140017', '$8e$43433c3d423e3f3e/2c46912c403f403f3f8f3f90403e3f913f923f91', 'Nanda Sukma Winata', 'GVW56', 0),
('1910920140023', '$54$3e43463d3d473d40/2c41402c3f91403f40423f903f9040433f90403c', 'Qesavo Fernanda', 'GVW56', 0),
('1910920140024', '$55$3d43434740403e3d/2c41412c3f90403f403f4043403c403c3f913f90', 'Muhamad Irsyad Noor', 'GVW56', 0),
('1910920140027', '$9d$4343463e473e473d/2c47902c403f403f40423f9140433f9140433f90', 'Nanda Gusti Kurniawati', 'GVW56', 0),
('1910920140028', '$9b$433e3c4147474140/2c478e2c403f3f913f8f403d40434043403d403c', 'Acep Sutisna', 'GVW56', 0),
('1910920140030', '$4c$47423c403f3e4247/2c408f2c4043403e3f8f403c3f923f91403e4043', 'Bayu Ashari', 'GVW56', 0),
('1910920140031', '$7e$4747474643464641/2c43912c4043404340434042403f40424042403d', 'Elis Apriani', 'GVW56', 0),
('2010910030023', '$96$42464747403c4743/2c47422c403e404240434043403c3f8f4043403f', 'Berliana Septia Ningtias', 'BFKL6', 1),
('2010910030024', '$7e$4240433f41413c42/2c43912c403e403c403f3f92403d403d3f8f403e', 'Devita Maharani', 'BFKL6', 1),
('2010910030025', '$79$3e3d42433c3c4742/2c43472c3f913f90403e403f3f8f3f8f4043403e', 'Dila Nuraisyah', 'BFKL6', 1),
('2010910030027', '$83$3d3d3d47473f4047/2c463f2c3f903f903f90404340433f92403c4043', 'Intan Permata sari', 'BFKL6', 0),
('2010910030029', '$57$463f4041413f3c47/2c41432c40423f92403c403d403d3f923f8f4043', 'Mala Komalasari', 'BFKL6', 0),
('2010910030031', '$60$41464347423e423e/2c423c2c403d4042403f4043403e3f91403e3f91', 'Mike Rizki Utami', 'BFKL6', 1),
('2010910030032', '$a3$424041403c464246/2c8d3f2c403e403c403d403c3f8f4042403e4042', 'Mutiara Dewi', 'BFKL6', 1),
('2010910030033', '$78$413f46434643423e/2c43462c403d3f924042403f4042403f403e3f91', 'Nabilah Ar-Roihat', 'BFKL6', 1),
('2010910030034', '$4f$3f3e463c413d4642/2c40922c3f923f9140423f8f403d3f904042403e', 'Novita Dwiyanti', 'BFKL6', 0),
('2010910030035', '$94$423c3d4141433f43/2c47402c403e3f8f3f90403d403d403f3f92403f', 'Nurlaela Tuloh', 'BFKL6', 1),
('2010910030036', '$9b$3e47473f423d4643/2c478e2c3f91404340433f92403e3f904042403f', 'Sarah Ayuningtyas', 'BFKL6', 1),
('2010910030037', '$49$4341463e3e46413e/2c40472c403f403d40423f913f914042403d3f91', 'Sava Ainunnisa nadifah', 'BFKL6', 0),
('2010910030038', '$50$433c3f40413e473c/2c413c2c403f3f8f3f92403c403d3f9140433f8f', 'Silvia Khairunissa', 'BFKL6', 1),
('2010910030039', '$87$473c404242404047/2c46432c40433f8f403c403e403e403c403c4043', 'Siti Rodyyah', 'BFKL6', 1),
('2010910030040', '$70$433e423c42433f40/2c433c2c403f3f91403e3f8f403e403f3f92403c', 'Syanti Maulida Rahmi', 'BFKL6', 1),
('2010910030042', '$84$3f3f3f3e463c4241/2c46402c3f923f923f923f9140423f8f403e403d', 'Zeehan Zahara', 'BFKL6', 0),
('2010910030043', '$95$3d463e4047404243/2c47412c3f9040423f91403c4043403c403e403f', 'Maisya Hiva', 'BFKL6', 1),
('2010910030044', '$56$40413e474047413e/2c41422c403c403d3f914043403c4043403d3f91', 'Muhamad Ikbal Ramadhan', 'BFKL6', 1),
('2010910030045', '$55$3e3f42414647423c/2c41412c3f913f92403e403d40424043403e3f8f', 'Annisa Shafira AlFatwa', 'BFKL6', 0),
('2010910040001', '$78$46403e4241414342/2c43462c4042403c3f91403e403d403d403f403e', 'Heru Santoso', 'F72G6', 1),
('2010910040012', '$90$43413c4342423e46/2c473c2c403f403d3f8f403f403e403e3f914042', 'Herlambang Fajar', 'F72G6', 0),
('2010910040021', '$85$474643433c414043/2c46412c40434042403f403f3f8f403d403c403f', 'Ferian Fathurohman', 'F72G6', 1),
('2010910040024', '$7b$423c41423d434246/2c438e2c403e3f8f403d403e3f90403f403e4042', 'Agung Nurcahya Ningrat', 'F72G6', 0),
('2010910040027', '$82$423c403c3e433c43/2c463e2c403e3f8f403c3f8f3f91403f3f8f403f', 'Ahmad Yani Z M', 'F72G6', 1),
('2010910040028', '$8b$473f3e473d3e3f41/2c468e2c40433f923f9140433f903f913f92403d', 'Dina Rahmayanti', 'F72G6', 1),
('2010910040029', '$8d$40423c3c42464143/2c46902c403c403e3f8f3f8f403e4042403d403f', 'Diwi Astri Nabilah', 'F72G6', 1),
('2010910040030', '$8d$473c3d41403f4247/2c46902c40433f8f3f90403d403c3f92403e4043', 'Futri Maulani', 'F72G6', 0),
('2010910040033', '$7f$41423e424347463d/2c43922c403d403e3f91403e403f404340423f90', 'Leni Marlina', 'F72G6', 0),
('2010910040034', '$71$46403f3d3c3d3e46/2c433d2c4042403c3f923f903f8f3f903f914042', 'M Zerxes Oktavian Murwadi', 'F72G6', 1),
('2010910040036', '$57$464147433d413d42/2c41432c4042403d4043403f3f90403d3f90403e', 'Muhamad Rizal Andria', 'F72G6', 1),
('2010910040037', '$86$404042423c3d4642/2c46422c403c403c403e403e3f8f3f904042403e', 'Muhammad Syaukil', 'F72G6', 0),
('2010910040038', '$74$434047403d3e423f/2c43402c403f403c4043403c3f903f91403e3f92', 'Nisa Nur Apriastuti', 'F72G6', 1),
('2010910040039', '$5b$3e424346433c3d40/2c418e2c3f91403e403f4042403f3f8f3f90403c', 'Rahmat Hidayat', 'F72G6', 1),
('2010910040040', '$98$423e4347403c3d3c/2c47462c403e3f91403f4043403c3f8f3f903f8f', 'Samsul Saefulloh', 'F72G6', 1),
('2010910040041', '$9a$3e4642433e414146/2c478d2c3f914042403e403f3f91403d403d4042', 'Sidik Rijal F', 'F72G6', 1),
('2010910040042', '$64$42473e423d42473d/2c42402c403e40433f91403e3f90403e40433f90', 'Silvi Maulidiati', 'F72G6', 1),
('2010910040045', '$64$4142474343424141/2c42402c403d403e4043403f403f403e403d403d', 'Acun Adena Sepiana', 'F72G6', 1),
('2010910070046', '$41$3f473c3d433f4747/2c403d2c3f9240433f8f3f90403f3f9240434043', 'Carissa Afridayanti', 'J035G', 0),
('2010910070099', '$66$42423f3e4343433e/2c42422c403e403e3f923f91403f403f403f3f91', 'Tasya Eka Putri Juliani', 'BFKL6', 1),
('2010910070102', '$66$43463f4047473f42/2c42422c403f40423f92403c404340433f92403e', 'Ai Nurhasanah', 'J035G', 1),
('2010910070103', '$83$3f404142473d4341/2c463f2c3f92403c403d403e40433f90403f403d', 'Ai Sumyati', '9BKDA', 0),
('2010910070104', '$48$3d424043423c433d/2c40462c3f90403e403c403f403e3f8f403f3f90', 'Amanda Anatasya Islami', '9BKDA', 0),
('2010910070105', '$53$46473d3c3d403c3e/2c413f2c404240433f903f8f3f90403c3f8f3f91', 'Amelia Putri Permana', '9BKDA', 0),
('2010910070106', '$79$413d403e3d3f4747/2c43472c403d3f90403c3f913f903f9240434043', 'Annisa Rahma Destia Ningsih', '9BKDA', 1),
('2010910070107', '$a3$403e3f4240404341/2c8d3f2c403c3f913f92403e403c403c403f403d', 'Anugrah Tresna Nurwening', '9BKDA', 0),
('2010910070108', '$4c$4643424641424046/2c408f2c4042403f403e4042403d403e403c4042', 'Anwar Wahyudin', 'J035G', 1),
('2010910070109', '$83$3e403d473c413c47/2c463f2c3f91403c3f9040433f8f403d3f8f4043', 'Aprilia Saedatun Nisa', 'J035G', 0),
('2010910070110', '$4e$434347403c3d3e3f/2c40912c403f403f4043403c3f8f3f903f913f92', 'Astinih', '9BKDA', 0),
('2010910070111', '$90$46473c4342413f47/2c473c2c404240433f8f403f403e403d3f924043', 'Asyira Asmiranti', 'J035G', 0),
('2010910070112', '$85$4743413e463d4143/2c46412c4043403f403d3f9140423f90403d403f', 'Aulia Arbayah', '9BKDA', 1),
('2010910070113', '$4b$3c4242413e473e3c/2c408e2c3f8f403e403e403d3f9140433f913f8f', 'Ayuningtyas', 'J035G', 0),
('2010910070115', '$42$3e3e413c3c3d3e3e/2c403e2c3f913f91403d3f8f3f8f3f903f913f91', 'Bella Ayu Wandira', '9BKDA', 1),
('2010910070116', '$5c$42463c3f42403c46/2c418f2c403e40423f8f3f92403e403c3f8f4042', 'Chairul Fachrurozzi', 'J035G', 1),
('2010910070118', '$6b$414046464042433d/2c428e2c403d403c40424042403c403e403f3f90', 'Devi Sri wahyuni', 'J035G', 0),
('2010910070119', '$4d$463d4043423e3c40/2c40902c40423f90403c403f403e3f913f8f403c', 'Diana Laura Bela', 'J035G', 1),
('2010910070121', '$55$3f3c473e413e463f/2c41412c3f923f8f40433f91403d3f9140423f92', 'Eja Nurjakiah', 'J035G', 0),
('2010910070122', '$42$47413c47463d413f/2c403e2c4043403d3f8f404340423f90403d3f92', 'Eka Ferliamara', '9BKDA', 1),
('2010910070123', '$9d$433e41473e404740/2c47902c403f3f91403d40433f91403c4043403c', 'Ela Royani Azahro', '9BKDA', 1),
('2010910070124', '$5d$3d41423d3e3e4340/2c41902c3f90403d403e3f903f913f91403f403c', 'Eva Kholifatunisa', '9BKDA', 1),
('2010910070125', '$74$4747473d403c4643/2c43402c4043404340433f90403c3f8f4042403f', 'Gesya Kaniasani', 'J035G', 0),
('2010910070126', '$a2$3e3d47423f3d473e/2c8d3e2c3f913f904043403e3f923f9040433f91', 'Hafifah Devia Pebrianti', '9BKDA', 0),
('2010910070128', '$63$3e3d473f3c3d4042/2c423f2c3f913f9040433f923f8f3f90403c403e', 'Iim Islamiah', '9BKDA', 0),
('2010910070129', '$87$41463e40473f4747/2c46432c403d40423f91403c40433f9240434043', 'Iis Isnawati', '9BKDA', 0),
('2010910070131', '$99$3d4342424642463f/2c47472c3f90403f403e403e4042403e40423f92', 'Irmasari', 'J035G', 0),
('2010910070132', '$57$3e42403d46434143/2c41432c3f91403e403c3f904042403f403d403f', 'Jamal Maulana', 'J035G', 0),
('2010910070133', '$63$3f40474647434347/2c423f2c3f92403c404340424043403f403f4043', 'Januar Yeariansyah', 'J035G', 0),
('2010910070134', '$9f$3f3f41464746423f/2c47922c3f923f92403d404240434042403e3f92', 'Jeni Fajar Bayu', '9BKDA', 1),
('2010910070135', '$4d$463d3e3c413d4142/2c40902c40423f903f913f8f403d3f90403d403e', 'Karin Aprilda Khoerunnisa', '9BKDA', 1),
('2010910070136', '$6b$4042473f3e43473c/2c428e2c403c403e40433f923f91403f40433f8f', 'Karismanita', 'J035G', 1),
('2010910070137', '$83$434342423e3c3c3e/2c463f2c403f403f403e403e3f913f8f3f8f3f91', 'Lina Marlina', 'J035G', 1),
('2010910070139', '$4b$3c3f3c3e3d3c4041/2c408e2c3f8f3f923f8f3f913f903f8f403c403d', 'M Arya Ibrahim', 'J035G', 1),
('2010910070140', '$58$403c433d413e4747/2c41462c403c3f8f403f3f90403d3f9140434043', 'Mela Amelia', '9BKDA', 1),
('2010910070141', '$66$3e3f3d474046433f/2c42422c3f913f923f904043403c4042403f3f92', 'Mely Murnitha', '9BKDA', 1),
('2010910070144', '$70$474246423c473f40/2c433c2c4043403e4042403e3f8f40433f92403c', 'Neni Suhaeni', 'J035G', 0),
('2010910070145', '$a0$463d473f42464241/2c8d3c2c40423f9040433f92403e4042403e403d', 'Nissa Sarah Raudatul Zannah', 'J035G', 1),
('2010910070147', '$a1$3e4047423f403e3d/2c8d3d2c3f91403c4043403e3f92403c3f913f90', 'Nur Rosi Gustini', '9BKDA', 0),
('2010910070148', '$54$40423e3c3f43423d/2c41402c403c403e3f913f8f3f92403f403e3f90', 'Nur Zalfa Fauziah', '9BKDA', 1),
('2010910070150', '$80$4743463e3c3d3d3e/2c463c2c4043403f40423f913f8f3f903f903f91', 'Nurul Aeni Fajrianti', '9BKDA', 1),
('2010910070151', '$a2$3d433c403d3e4741/2c8d3e2c3f90403f3f8f403c3f903f914043403d', 'Olivia Setiawati', 'J035G', 0),
('2010910070152', '$42$3c42423f46424047/2c403e2c3f8f403e403e3f924042403e403c4043', 'Putri Alliffia', 'J035G', 1),
('2010910070153', '$68$3c3e43423e3c423f/2c42462c3f8f3f91403f403e3f913f8f403e3f92', 'Rachma Firyal Nawal Nursalim', 'J035G', 1),
('2010910070154', '$66$4647433f46403f42/2c42422c40424043403f3f924042403c3f92403e', 'Rema Nurifni', 'J035G', 1),
('2010910070155', '$77$413f414746404146/2c43432c403d3f92403d40434042403c403d4042', 'Reyna Maulida Alya', '9BKDA', 1),
('2010910070156', '$7f$3c3f413f3f434140/2c43922c3f8f3f92403d3f923f92403f403d403c', 'Rifky Fauzan Noval', '9BKDA', 0),
('2010910070157', '$80$3e3e434142434340/2c463c2c3f913f91403f403d403e403f403f403c', 'Saeful Arifin', '9BKDA', 0),
('2010910070158', '$42$3c413c3c43433d47/2c403e2c3f8f403d3f8f3f8f403f403f3f904043', 'Salma Fauzia Salsabila', '9BKDA', 0),
('2010910070159', '$88$3e423e3c4342433f/2c46462c3f91403e3f913f8f403f403e403f3f92', 'Salwa Fadila Khoirun Nisa', '9BKDA', 1),
('2010910070161', '$98$4140434640403e3c/2c47462c403d403c403f4042403c403c3f913f8f', 'Septiani Putri Nur Azis', 'J035G', 1),
('2010910070162', '$83$463c42413c404642/2c463f2c40423f8f403e403d3f8f403c4042403e', 'Sherli Rahmawati Nurfadillah', 'J035G', 1),
('2010910070163', '$79$3e3f434343413e47/2c43472c3f913f92403f403f403f403d3f914043', 'Shilvi Agustiyani', '9BKDA', 1),
('2010910070164', '$85$46463e3e47423d46/2c46412c404240423f913f914043403e3f904042', 'Sifa Fauziyah', '9BKDA', 0),
('2010910070165', '$6f$3e423d473e463d3c/2c42922c3f91403e3f9040433f9140423f903f8f', 'Sigit Priyatno', 'J035G', 1),
('2010910070166', '$98$4241424046414040/2c47462c403e403d403e403c4042403d403c403c', 'Silvi Nur Apriani', 'J035G', 1),
('2010910070168', '$5e$3d4341433d473d41/2c41912c3f90403f403d403f3f9040433f90403d', 'Syifa Fauziah Handayani', '9BKDA', 1),
('2010910070169', '$64$434741424046463f/2c42402c403f4043403d403e403c404240423f92', 'Tiara Ananda', '9BKDA', 1),
('2010910070170', '$49$3f41413e3c41423e/2c40472c3f92403d403d3f913f8f403d403e3f91', 'Tika Fitriyani', 'J035G', 0),
('2010910070171', '$42$43413d3c473d3e43/2c403e2c403f403d3f903f8f40433f903f91403f', 'Vira Mona Nur Rahmawati', 'J035G', 1),
('2010910070172', '$59$3f42413f3e434247/2c41472c3f92403e403d3f923f91403f403e4043', 'Virdha Riyani Putri', '9BKDA', 0),
('2010910070173', '$57$3f413e4343403c47/2c41432c3f92403d3f91403f403f403c3f8f4043', 'Wiyya Ainun Hasanah', '9BKDA', 1),
('2010910070174', '$8f$463c3c46413e3d40/2c46922c40423f8f3f8f4042403d3f913f90403c', 'Yeyen Anita', 'J035G', 1),
('2010910070177', '$76$3c403e413f3e3c43/2c43422c3f8f403c3f91403d3f923f913f8f403f', 'Nadiya Nur Fauziyah', '9BKDA', 0),
('2010910070179', '$8e$403f413d3e3f423d/2c46912c403c3f92403d3f903f913f92403e3f90', 'Farisa Afriana', '9BKDA', 0),
('2010910070180', '$5f$4042403e413d433c/2c41922c403c403e403c3f91403d3f90403f3f8f', 'Bagas Syabani Nugraha', 'J035G', 1),
('2110910030000', '$68$3d3f42463e424047/2c42462c3f903f92403e40423f91403e403c4043', 'Herma Kurniasari', 'HJF6F', 1),
('2110910030001', '$98$3c3d4246403e3f47/2c47462c3f8f3f90403e4042403c3f913f924043', 'Rinda', 'HJF6F', 1),
('2110910030002', '$89$413e3f3d40414740/2c46472c403d3f913f923f90403c403d4043403c', 'Milawati', '7AF5T', 1),
('2110910030003', '$69$46413d3c46464247/2c42472c4042403d3f903f8f40424042403e4043', 'Rifki Nurul Hakim', 'HJF6F', 1),
('2110910030004', '$53$403d3c4747414647/2c413f2c403c3f903f8f40434043403d40424043', 'Salwa Febriyanti', 'HJF6F', 1),
('2110910030005', '$59$433d463f3e43403c/2c41472c403f3f9040423f923f91403f403c3f8f', 'Asih Nur aidah', 'HJF6F', 1),
('2110910030006', '$98$433e3e423f41403d/2c47462c403f3f913f91403e3f92403d403c3f90', 'Salma Zahra ', 'HJF6F', 1),
('2110910030007', '$7c$43403c3c3d424340/2c438f2c403f403c3f8f3f8f3f90403e403f403c', 'Listya Auliani', 'ADV6H', 1),
('2110910030008', '$8c$3d3c434047463c40/2c468f2c3f903f8f403f403c404340423f8f403c', 'Nadya Ayu Puspita ', 'HJF6F', 1),
('2110910030009', '$8a$403c3e3e413c413e/2c468d2c403c3f8f3f913f91403d3f8f403d3f91', 'Chitra Ayu Prameswari', 'H7JA8', 1),
('2110910030010', '$6e$413f3c4040433f40/2c42912c403d3f923f8f403c403c403f3f92403c', 'Siti Nurlaela ', 'HJF6F', 0),
('2110910030011', '$82$46423c40463e3c3f/2c463e2c4042403e3f8f403c40423f913f8f3f92', 'Siti Mariam ', 'HJF6F', 1),
('2110910030013', '$a0$3d3e3c434746403f/2c8d3c2c3f903f913f8f403f40434042403c3f92', 'Tiara Setiasih', 'HJF6F', 0),
('2110910030014', '$71$3e4241433e42413e/2c433d2c3f91403e403d403f3f91403e403d3f91', 'Devi Amelia', 'HJF6F', 1),
('2110910030015', '$52$473e463f3c42473f/2c413e2c40433f9140423f923f8f403e40433f92', 'Nisya Z Nurwulan Sari ', 'HJF6F', 1),
('2110910030017', '$5d$434042424646473f/2c41902c403f403c403e403e4042404240433f92', 'Ilham Saputra', 'HJF6F', 1),
('2110910030018', '$54$473d413d413c4647/2c41402c40433f90403d3f90403d3f8f40424043', 'Wulanda Bella Briliansyah', 'HJF6F', 1),
('2110910030019', '$9c$3f433d4246473c3c/2c478f2c3f92403f3f90403e404240433f8f3f8f', 'Puspa Sanzifani', '7AF5T', 0),
('2110910031111', '$72$3e42424147424241/2c433e2c3f91403e403e403d4043403e403e403d', 'Aulia Hermayanti', '7AF5T', 0),
('2110910031112', '$96$3f3f4342473e433c/2c47422c3f923f92403f403e40433f91403f3f8f', 'Karina Elma', '7AF5T', 1),
('2110910031113', '$46$42434343473c3e3c/2c40422c403e403f403f403f40433f8f3f913f8f', 'Wina Nadya R', '7AF5T', 0),
('2110910031114', '$8b$3d3d3e41423c3c3f/2c468e2c3f903f903f91403d403e3f8f3f8f3f92', 'Annisa Nirmala Putri', 'H7JA8', 1),
('2110910031115', '$a0$463c423c3d404240/2c8d3c2c40423f8f403e3f8f3f90403c403e403c', 'Febrian Jibran', 'H7JA8', 1),
('2110910031116', '$5f$3f4042474243413c/2c41922c3f92403c403e4043403e403f403d3f8f', 'Ina Indriyani', 'H7JA8', 1),
('2110910031117', '$8d$3f3e3c3e3c464143/2c46902c3f923f913f8f3f913f8f4042403d403f', 'Rosa Linda', 'H7JA8', 1),
('2110910031118', '$77$403d3d3e3d46473d/2c43432c403c3f903f903f913f90404240433f90', 'Rudi Heryansyah Rohdiana', 'H7JA8', 1),
('2110910040000', '$5d$43423c433e404647/2c41902c403f403e3f8f403f3f91403c40424043', 'Akmal Maulana', 'HVKAJ', 0),
('2110910040001', '$66$43404641423c3f42/2c42422c403f403c4042403d403e3f8f3f92403e', 'Rika Prianti', 'HVKAJ', 1),
('2110910040002', '$66$4146473e3e433f47/2c42422c403d404240433f913f91403f3f924043', 'Alda Ramdani', 'HVKAJ', 1),
('2110910040003', '$69$413e47413f413d3e/2c42472c403d3f914043403d3f92403d3f903f91', 'Salman Nabil Al Azis', 'HVKAJ', 1),
('2110910040004', '$71$473e43473f403f42/2c433d2c40433f91403f40433f92403c3f92403e', 'Defika Rahmawati ', 'HJF6F', 1),
('2110910040005', '$98$3d42433c43464246/2c47462c3f90403e403f3f8f403f4042403e4042', 'Eka Sartika', 'HVKAJ', 1),
('2110910040006', '$7a$473c3f3f4041413e/2c438d2c40433f8f3f923f92403c403d403d3f91', 'Dara Yuniar', 'HVKAJ', 1),
('2110910040007', '$44$42463d4343433c3d/2c40402c403e40423f90403f403f403f3f8f3f90', 'M Lutvianto', 'HVKAJ', 1),
('2110910040008', '$4e$3e473d40473d3d46/2c40912c3f9140433f90403c40433f903f904042', 'Alif Ahmad Mudzaki', 'HVKAJ', 1),
('2110910040009', '$72$4143473c3e3c4643/2c433e2c403d403f40433f8f3f913f8f4042403f', 'Muhammad Fadillah Al-Hafidz', 'HVKAJ', 1),
('2110910040011', '$7c$473d463e3e3f4242/2c438f2c40433f9040423f913f913f92403e403e', 'Fabian Adrianyah Lesmana ', 'HVKAJ', 0),
('2110910040012', '$86$473f464341463f3f/2c46422c40433f924042403f403d40423f923f92', 'Ahmad Dida Septian', 'ADV6H', 1),
('2110910040013', '$64$473f473d3f404343/2c42402c40433f9240433f903f92403c403f403f', 'Muhamad Eki Jamaludin ', '7AF5T', 0),
('2110910040015', '$7d$4242473f3c3d4743/2c43902c403e403e40433f923f8f3f904043403f', 'Dikri Nurkholiq', 'HVKAJ', 0),
('2110910040016', '$54$3c413f3f403c4346/2c41402c3f8f403d3f923f92403c3f8f403f4042', 'Dini Purwati', 'H7JA8', 1),
('2110910070000', '$4a$47424040463f433d/2c408d2c4043403e403c403c40423f92403f3f90', 'Asri Jayanti', 'H7JA8', 0),
('2110910070001', '$93$3c4642423c464241/2c473f2c3f8f4042403e403e3f8f4042403e403d', 'Ela Nurmala', 'H7JA8', 0),
('2110910070002', '$97$3e3d403c41424646/2c47432c3f913f90403c3f8f403d403e40424042', 'Ratna Dewi', 'H7JA8', 1),
('2110910070003', '$91$3d46403f3f3c3d3c/2c473d2c3f904042403c3f923f923f8f3f903f8f', 'Destina Nur Apifah', 'ADV6H', 1),
('2110910070004', '$99$433f474046404240/2c47472c403f3f924043403c4042403c403e403c', 'Widiah Nurauliah', 'H7JA8', 1),
('2110910070005', '$6c$3f3d3d473e3c4042/2c428f2c3f923f903f9040433f913f8f403c403e', 'Siti Patimah', 'H7JA8', 0),
('2110910070006', '$5e$434640423e434746/2c41912c403f4042403c403e3f91403f40434042', 'Sanny Syahrul Fauzi ', 'H7JA8', 1),
('2110910070007', '$a2$3e3d473e40433e3c/2c8d3e2c3f913f9040433f91403c403f3f913f8f', 'Leony Aulia Putri', 'H7JA8', 1),
('2110910070008', '$44$4643423c413e3e46/2c40402c4042403f403e3f8f403d3f913f914042', 'Rahma Maulida', 'H7JA8', 0),
('2110910070009', '$4d$403c4743473c3e42/2c40902c403c3f8f4043403f40433f8f3f91403e', 'Utari Setia Dinata', '7AF5T', 1),
('2110910070010', '$80$3c42423e423f3f47/2c463c2c3f8f403e403e3f91403e3f923f924043', 'Muhammad Rizal Rifai', 'ADV6H', 1),
('2110910070011', '$7e$4247464341413e3f/2c43912c403e40434042403f403d403d3f913f92', 'Agus Mustofa', '7AF5T', 1),
('2110910070013', '$79$3f4146433d3e3f41/2c43472c3f92403d4042403f3f903f913f92403d', 'Ainin Sofia Zaimah', 'ADV6H', 1),
('2110910070014', '$a1$42434647473d463d/2c8d3d2c403e403f4042404340433f9040423f90', 'Diva Ayu Pitaloka', 'ADV6H', 1),
('2110910070015', '$87$403f3e3d3e40473e/2c46432c403c3f923f913f903f91403c40433f91', 'Nurul Patmah', '7AF5T', 1),
('2110910070016', '$56$473d414646473e3d/2c41422c40433f90403d4042404240433f913f90', 'Saviga Helmi ', '7AF5T', 0),
('2110910070017', '$5a$3c3f413f42473e40/2c418d2c3f8f3f92403d3f92403e40433f91403c', 'Happy Amalia Putri', 'H7JA8', 1),
('2110910070018', '$7b$3c4242423c433d41/2c438e2c3f8f403e403e403e3f8f403f3f90403d', 'Irma Mardiyati', '7AF5T', 1),
('2110910070019', '$7c$413d413c43413d3d/2c438f2c403d3f90403d3f8f403f403d3f903f90', 'Salsabila Nurfaidah ', 'H7JA8', 0),
('2110910070020', '$95$3f434343473f3c43/2c47412c3f92403f403f403f40433f923f8f403f', 'Gerin Fajar Muharam', '7AF5T', 1),
('2110910070021', '$70$474040433e3e3d41/2c433c2c4043403c403c403f3f913f913f90403d', 'Ira Pazirah', '7AF5T', 1),
('2110910070022', '$99$3f4743414740463e/2c47472c3f924043403f403d4043403c40423f91', 'Desty Amaliya', 'HVKAJ', 1),
('2110910070023', '$91$3c3f423e3c3d4642/2c473d2c3f8f3f92403e3f913f8f3f904042403e', 'Fitri Nur Pallah', 'ADV6H', 1),
('2110910070024', '$69$3e43473f3f3c3f40/2c42472c3f91403f40433f923f923f8f3f92403c', 'Evrina Fresilia', 'H7JA8', 1),
('2110910070025', '$76$3f46423f3d463e42/2c43422c3f924042403e3f923f9040423f91403e', 'Zachra Aura Putri', '7AF5T', 1),
('2110910070026', '$6b$403c3e40423e4647/2c428e2c403c3f8f3f91403c403e3f9140424043', 'Adellia Dwiantika', 'ADV6H', 1),
('2110910070027', '$9e$3c3f4642423e473f/2c47912c3f8f3f924042403e403e3f9140433f92', 'Desi Puspitasari', '7AF5T', 1),
('2110910070028', '$43$3c3e433e423e3e40/2c403f2c3f8f3f91403f3f91403e3f913f91403c', 'Dhea Jamilatun Nazhar', '7AF5T', 0),
('2110910070029', '$42$403c464641414242/2c403e2c403c3f8f40424042403d403d403e403e', 'Ardan Azhar Kartono ', '7AF5T', 1),
('2110910070030', '$52$473e3f3e3d414647/2c413e2c40433f913f923f913f90403d40424043', 'Intan Nurrizqy', 'H7JA8', 1),
('2110910070031', '$80$3c4243473e463c40/2c463c2c3f8f403e403f40433f9140423f8f403c', 'Zelen Tiara Putri', 'ADV6H', 1),
('2110910070032', '$52$4346474040404141/2c413e2c403f40424043403c403c403c403d403d', 'Ifada Intan Aprilliyani', '7AF5T', 0),
('2110910070033', '$84$47413c4146424142/2c46402c4043403d3f8f403d4042403e403d403e', 'Robiyana', 'ADV6H', 1),
('2110910070034', '$a2$3e3f41413e43413c/2c8d3e2c3f913f92403d403d3f91403f403d3f8f', 'Lita Listiani', 'ADV6H', 1),
('2110910070035', '$57$4340464143473c40/2c41432c403f403c4042403d403f40433f8f403c', 'Shalma Putri Salsabila', 'HVKAJ', 1),
('2110910070036', '$98$4340413d3f463c42/2c47462c403f403c403d3f903f9240423f8f403e', 'Suci Andriani ', 'ADV6H', 1),
('2110910070037', '$68$433c3f404640423d/2c42462c403f3f8f3f92403c4042403c403e3f90', 'Pingkan Aprilia Nursalwa', 'H7JA8', 1),
('2110910070038', '$66$47403c473c41473e/2c42422c4043403c3f8f40433f8f403d40433f91', 'Syifa Aulia', 'H7JA8', 1),
('2110910070039', '$59$3e403d42403e423e/2c41472c3f91403c3f90403e403c3f91403e3f91', 'Yunita Ababil', 'H7JA8', 0),
('2110910070040', '$a0$3d433c3d47433c47/2c8d3c2c3f90403f3f8f3f904043403f3f8f4043', 'Muhammad Ghilman', 'H7JA8', 1),
('2110910070041', '$9f$3f46463d42434642/2c47922c3f92404240423f90403e403f4042403e', 'Amelia Savitri', '7AF5T', 1),
('2110910070042', '$49$3d3f464242413e43/2c40472c3f903f924042403e403e403d3f91403f', 'Nevita Rachmandini', '7AF5T', 0),
('2110910070043', '$6b$4143463e403c463c/2c428e2c403d403f40423f91403c3f8f40423f8f', 'Dewi Yulianti', 'H7JA8', 0),
('2110910070044', '$6c$42463e3f433f3c42/2c428f2c403e40423f913f92403f3f923f8f403e', 'Rida Amalia ', 'ADV6H', 0),
('2110910070045', '$5a$46423e4740414241/2c418d2c4042403e3f914043403c403d403e403d', 'Nurul Hidayati', 'H7JA8', 0),
('2110910070046', '$75$3e3c3d423f3e3e46/2c43412c3f913f8f3f90403e3f923f913f914042', 'Dina Sri Puspita ', 'HVKAJ', 0),
('2110910070047', '$80$3c3d3d3e473c3c3c/2c463c2c3f8f3f903f903f9140433f8f3f8f3f8f', 'Andri Setiawan', 'H7JA8', 1),
('2110910070048', '$9c$473c43473f3c3c3f/2c478f2c40433f8f403f40433f923f8f3f8f3f92', 'Winda Nurhabibah Anwar', '7AF5T', 1),
('2110910070049', '$9a$463c3f404346413d/2c478d2c40423f8f3f92403c403f4042403d3f90', 'Vebiola Lumban Gaol', 'H7JA8', 0),
('2110910070050', '$7e$3e3c404141414142/2c43912c3f913f8f403c403d403d403d403d403e', 'Asti Ananta ', 'ADV6H', 1),
('2110910070051', '$58$41433d4241423d3e/2c41462c403d403f3f90403e403d403e3f903f91', 'Nita Sani Adawiah', '7AF5T', 1),
('2110910070052', '$4c$3c473c3f433c3c3d/2c408f2c3f8f40433f8f3f92403f3f8f3f8f3f90', 'Intan Lestari', '7AF5T', 1),
('2110910070053', '$68$3d3e424343433d47/2c42462c3f903f91403e403f403f403f3f904043', 'Damar Nuradyo', 'ADV6H', 1),
('2110910070054', '$4e$433e3e3e4042473f/2c40912c403f3f913f913f91403c403e40433f92', 'Silvi Pramesti', '7AF5T', 1),
('2110910070055', '$6f$3d3f413c3c404146/2c42922c3f903f92403d3f8f3f8f403c403d4042', 'Muhamad Fikri', 'ADV6H', 1),
('2110910070056', '$5b$403d404340414747/2c418e2c403c3f90403c403f403c403d40434043', 'Fitria Indriani Rudiawan', 'H7JA8', 0),
('2110910070057', '$79$3f46463e3c3d403e/2c43472c3f92404240423f913f8f3f90403c3f91', 'Endang Suwandi', 'ADV6H', 1),
('2110910070058', '$60$4142433f3e3c4143/2c423c2c403d403e403f3f923f913f8f403d403f', 'Rifansyah', 'ADV6H', 0),
('2110910070059', '$74$4342403c3f3e473c/2c43402c403f403e403c3f8f3f923f9140433f8f', 'Sammi Aldiansyah ', '7AF5T', 1),
('2110910070060', '$5f$3c3e463f3c3e3e40/2c41922c3f8f3f9140423f923f8f3f913f91403c', 'Natasha Elya Syifa ', 'ADV6H', 1),
('2110910070061', '$6f$3c42473f433f3d47/2c42922c3f8f403e40433f92403f3f923f904043', 'Vina Aulia Fazrin ', '7AF5T', 0),
('2110910070062', '$8e$433c413f4146423e/2c46912c403f3f8f403d3f92403d4042403e3f91', 'Rizka Rizqiani', '7AF5T', 1),
('2110910070063', '$9f$3f464343473e4143/2c47922c3f924042403f403f40433f91403d403f', 'Siti Ayu Mayasari', 'ADV6H', 0),
('2110910070064', '$64$3e413f4641424241/2c42402c3f91403d3f924042403d403e403e403d', 'Winda Ari Nuradilah', 'H7JA8', 0),
('2110910070065', '$5a$3e42463f433c3d43/2c418d2c3f91403e40423f92403f3f8f3f90403f', 'Lisna Gustiani', 'ADV6H', 0),
('2110910070066', '$71$3e40473f3c3d463c/2c433d2c3f91403c40433f923f8f3f9040423f8f', 'Silva Gustiyani', 'ADV6H', 1),
('2110910070067', '$8b$463e3d3e423c433d/2c468e2c40423f913f903f91403e3f8f403f3f90', 'Teti Sintia ', '7AF5T', 1),
('2110910070068', '$4c$473f433d3f404747/2c408f2c40433f92403f3f903f92403c40434043', 'Cika Riska Listiana', 'ADV6H', 0),
('2110910070069', '$4b$4643434146473f46/2c408e2c4042403f403f403d404240433f924042', 'Ai Sri Suryani', 'ADV6H', 0),
('2110910070070', '$8d$473c414646473f41/2c46902c40433f8f403d4042404240433f92403d', 'Iip Latipah ', 'H7JA8', 0),
('2110910070071', '$45$473d3c3e3c463f42/2c40412c40433f903f8f3f913f8f40423f92403e', 'Muhamad Jamaludin', 'H7JA8', 0),
('2110910070072', '$95$4242433f46474041/2c47412c403e403e403f3f9240424043403c403d', 'Elsa Yulia', '7AF5T', 1),
('2110910070073', '$6a$41473e3c3c3e4643/2c428d2c403d40433f913f8f3f8f3f914042403f', 'Sindi Nurma Safitri', '7AF5T', 0),
('2110910070074', '$9a$403d43414240413d/2c478d2c403c3f90403f403d403e403c403d3f90', 'Rizal Agung Ramadhan', 'H7JA8', 1);

-- --------------------------------------------------------

--
-- Table structure for table `db_votings`
--

CREATE TABLE `db_votings` (
  `nim` varchar(255) NOT NULL,
  `take` varchar(5) NOT NULL,
  `created` int(20) NOT NULL
) ENGINE=InnoDB DEFAULT CHARSET=utf8mb4;

--
-- Dumping data for table `db_votings`
--

INSERT INTO `db_votings` (`nim`, `take`, `created`) VALUES
('1312124354210', 'D62GF', 1643881818),
('1312124354211', 'D62GF', 1643881803),
('1312124354212', 'D62GF', 1643881861),
('1312124354213', 'D62GF', 1643881702),
('1312124354214', 'D62GF', 1643881700),
('1312124354215', 'D62GF', 1643881706),
('1312124354216', 'D62GF', 1643881803),
('1312124354217', 'GPF7B', 1643874562),
('1312124354228', 'GPF7B', 1643874544),
('1312124354233', 'D62GF', 1643878947),
('1312124354234', 'D62GF', 1643878946),
('1312124354235', 'D62GF', 1643873921),
('1312124354236', 'D62GF', 1643873208),
('1312124354237', 'D62GF', 1643870734),
('1312124354238', 'D62GF', 1643878938),
('1312124354239', '85BH4', 1643868665),
('2010910030023', '85BH4', 1643895649),
('2010910030024', 'D62GF', 1643880313),
('2010910030025', 'GPF7B', 1643892115),
('2010910030031', 'D62GF', 1643853987),
('2010910030032', 'GPF7B', 1643876051),
('2010910030033', 'D62GF', 1643860180),
('2010910030035', '85BH4', 1643867981),
('2010910030036', 'GPF7B', 1643882572),
('2010910030038', '85BH4', 1643891815),
('2010910030039', 'D62GF', 1643867556),
('2010910030040', 'D62GF', 1643867585),
('2010910030043', 'D62GF', 1643891796),
('2010910030044', 'D62GF', 1643896318),
('2010910040001', 'GPF7B', 1643890480),
('2010910040021', '85BH4', 1643895968),
('2010910040027', 'D62GF', 1643860105),
('2010910040028', 'D62GF', 1643877899),
('2010910040029', 'GPF7B', 1643869418),
('2010910040034', 'D62GF', 1643854003),
('2010910040036', 'D62GF', 1643855491),
('2010910040038', 'D62GF', 1643877892),
('2010910040039', 'GPF7B', 1643890594),
('2010910040040', '85BH4', 1643893121),
('2010910040041', '85BH4', 1643892012),
('2010910040042', 'D62GF', 1643856303),
('2010910040045', 'D62GF', 1643897233),
('2010910070099', 'GPF7B', 1643860183),
('2010910070102', 'D62GF', 1643899133),
('2010910070106', 'D62GF', 1643902145),
('2010910070108', 'D62GF', 1643853882),
('2010910070112', 'D62GF', 1643891368),
('2010910070115', 'D62GF', 1643892384),
('2010910070116', '85BH4', 1643859212),
('2010910070119', '85BH4', 1643868974),
('2010910070122', 'D62GF', 1643861603),
('2010910070123', 'D62GF', 1643854416),
('2010910070124', 'D62GF', 1643880208),
('2010910070134', 'D62GF', 1643879657),
('2010910070135', 'D62GF', 1643869377),
('2010910070136', 'D62GF', 1643894316),
('2010910070137', '85BH4', 1643868985),
('2010910070139', 'D62GF', 1643896989),
('2010910070140', 'D62GF', 1643869279),
('2010910070141', 'D62GF', 1643869307),
('2010910070145', 'D62GF', 1643894403),
('2010910070148', '85BH4', 1643891831),
('2010910070150', 'D62GF', 1643869380),
('2010910070152', '85BH4', 1643892290),
('2010910070153', '85BH4', 1643892258),
('2010910070154', 'GPF7B', 1643900609),
('2010910070155', 'D62GF', 1643867963),
('2010910070159', 'D62GF', 1643897488),
('2010910070161', 'D62GF', 1643899111),
('2010910070162', 'D62GF', 1643882075),
('2010910070163', 'D62GF', 1643861580),
('2010910070165', 'D62GF', 1643853873),
('2010910070166', 'D62GF', 1643900928),
('2010910070168', 'D62GF', 1643854738),
('2010910070169', 'D62GF', 1643861657),
('2010910070171', 'D62GF', 1643882554),
('2010910070173', 'D62GF', 1643861533),
('2010910070174', 'D62GF', 1643854492),
('2010910070180', 'D62GF', 1643879650),
('2110910030000', 'GPF7B', 1643897713),
('2110910030001', 'D62GF', 1643862131),
('2110910030002', 'D62GF', 1643859013),
('2110910030003', 'D62GF', 1643857298),
('2110910030004', 'D62GF', 1643861862),
('2110910030005', 'D62GF', 1643861973),
('2110910030006', 'D62GF', 1643858754),
('2110910030007', 'D62GF', 1643872345),
('2110910030008', 'D62GF', 1643861783),
('2110910030009', 'D62GF', 1643868426),
('2110910030011', 'D62GF', 1643859983),
('2110910030014', 'D62GF', 1643861961),
('2110910030015', 'D62GF', 1643862120),
('2110910030017', 'D62GF', 1643872689),
('2110910030018', 'D62GF', 1643861767),
('2110910031112', 'D62GF', 1643894441),
('2110910031114', 'D62GF', 1643889933),
('2110910031115', 'GPF7B', 1643890565),
('2110910031116', 'D62GF', 1643890582),
('2110910031117', 'D62GF', 1643890655),
('2110910031118', 'GPF7B', 1643894439),
('2110910040001', 'D62GF', 1643878034),
('2110910040002', 'D62GF', 1643875561),
('2110910040003', 'D62GF', 1643875536),
('2110910040004', 'D62GF', 1643862017),
('2110910040005', 'D62GF', 1643878032),
('2110910040006', 'D62GF', 1643878021),
('2110910040007', 'D62GF', 1643875562),
('2110910040008', 'D62GF', 1643880003),
('2110910040009', 'D62GF', 1643872827),
('2110910040012', 'GPF7B', 1643870680),
('2110910040016', 'GPF7B', 1643857987),
('2110910070002', 'GPF7B', 1643859386),
('2110910070003', 'D62GF', 1643856554),
('2110910070004', 'GPF7B', 1643859390),
('2110910070006', 'D62GF', 1643858463),
('2110910070007', 'GPF7B', 1643857960),
('2110910070009', 'D62GF', 1643896360),
('2110910070010', 'D62GF', 1643870071),
('2110910070011', '85BH4', 1643897775),
('2110910070013', 'D62GF', 1643856643),
('2110910070014', 'D62GF', 1643856636),
('2110910070015', 'D62GF', 1643906208),
('2110910070017', 'D62GF', 1643859180),
('2110910070018', 'GPF7B', 1643902195),
('2110910070020', 'D62GF', 1643902863),
('2110910070021', 'D62GF', 1643938401),
('2110910070022', 'D62GF', 1643878090),
('2110910070023', 'D62GF', 1643859989),
('2110910070024', 'GPF7B', 1643858540),
('2110910070025', 'D62GF', 1643898004),
('2110910070026', 'D62GF', 1643856555),
('2110910070027', 'D62GF', 1643859013),
('2110910070029', 'D62GF', 1643858888),
('2110910070030', 'GPF7B', 1643857954),
('2110910070031', 'D62GF', 1643856621),
('2110910070033', 'D62GF', 1643870684),
('2110910070034', 'D62GF', 1643895923),
('2110910070035', 'D62GF', 1643878086),
('2110910070036', 'D62GF', 1643869595),
('2110910070037', 'GPF7B', 1643862283),
('2110910070038', 'GPF7B', 1643859816),
('2110910070040', 'GPF7B', 1643872684),
('2110910070041', 'GPF7B', 1643872767),
('2110910070047', 'GPF7B', 1643857309),
('2110910070048', 'D62GF', 1643897097),
('2110910070050', '85BH4', 1643891594),
('2110910070051', 'D62GF', 1643901129),
('2110910070052', 'D62GF', 1643896088),
('2110910070053', 'D62GF', 1643858511),
('2110910070054', '85BH4', 1643904071),
('2110910070055', 'GPF7B', 1643872455),
('2110910070057', 'D62GF', 1643858751),
('2110910070059', 'GPF7B', 1643891614),
('2110910070060', 'D62GF', 1643896608),
('2110910070062', 'D62GF', 1643896321),
('2110910070066', 'D62GF', 1643869537),
('2110910070067', 'D62GF', 1643872755),
('2110910070072', 'D62GF', 1643904145),
('2110910070074', 'GPF7B', 1643872683);

-- --------------------------------------------------------

--
-- Table structure for table `header`
--

CREATE TABLE `header` (
  `id` int(11) NOT NULL,
  `title` varchar(255) NOT NULL,
  `icon` varchar(255) NOT NULL,
  `description` text NOT NULL
) ENGINE=InnoDB DEFAULT CHARSET=utf8mb4;

--
-- Dumping data for table `header`
--

INSERT INTO `header` (`id`, `title`, `icon`, `description`) VALUES
(1, 'E-VOTING SERVICE', 'cso.svg', 'Use Your Voting Rights. Choose Candidates Who Can Inspire Students.');

-- --------------------------------------------------------

--
-- Table structure for table `web_activation`
--

CREATE TABLE `web_activation` (
  `code` varchar(6) NOT NULL,
  `status` int(1) NOT NULL
) ENGINE=InnoDB DEFAULT CHARSET=utf8mb4;

--
-- Dumping data for table `web_activation`
--

INSERT INTO `web_activation` (`code`, `status`) VALUES
('3QORAY', 1),
('6XVELT', 1),
('87NS9R', 1),
('9CCBNM', 1),
('CHBGJW', 1),
('F0HL6Y', 1),
('FE1VUW', 1),
('FYRUXI', 1),
('INQLFZ', 1),
('J049OB', 1),
('J8ZO7R', 1),
('NIJFHF', 1),
('QFG4ZC', 1),
('TSWCR5', 1),
('UCLXIM', 0),
('VE7GHT', 1),
('VZOVWS', 1);

-- --------------------------------------------------------

--
-- Table structure for table `web_setting`
--

CREATE TABLE `web_setting` (
  `code` varchar(5) NOT NULL,
  `name` varchar(255) NOT NULL,
  `status` int(1) NOT NULL
) ENGINE=InnoDB DEFAULT CHARSET=utf8mb4;

--
-- Dumping data for table `web_setting`
--

INSERT INTO `web_setting` (`code`, `name`, `status`) VALUES
('BKJFW', 'Activation', 0),
('HKAJD', 'Maintenance', 0);

--
-- Indexes for dumped tables
--

--
-- Indexes for table `db_admins`
--
ALTER TABLE `db_admins`
  ADD UNIQUE KEY `email` (`email`);

--
-- Indexes for table `db_campaign`
--
ALTER TABLE `db_campaign`
  ADD UNIQUE KEY `code` (`code`),
  ADD UNIQUE KEY `number` (`number`);

--
-- Indexes for table `db_candidate`
--
ALTER TABLE `db_candidate`
  ADD UNIQUE KEY `candidate_code` (`candidate_code`);

--
-- Indexes for table `db_candidate_role`
--
ALTER TABLE `db_candidate_role`
  ADD UNIQUE KEY `code` (`code`),
  ADD UNIQUE KEY `name` (`name`);

--
-- Indexes for table `db_class`
--
ALTER TABLE `db_class`
  ADD UNIQUE KEY `class_code` (`class_code`),
  ADD UNIQUE KEY `name` (`name`);

--
-- Indexes for table `db_major`
--
ALTER TABLE `db_major`
  ADD UNIQUE KEY `code` (`code`);

--
-- Indexes for table `db_roles`
--
ALTER TABLE `db_roles`
  ADD UNIQUE KEY `code` (`code`);

--
-- Indexes for table `db_sinces`
--
ALTER TABLE `db_sinces`
  ADD UNIQUE KEY `code` (`code`);

--
-- Indexes for table `db_users`
--
ALTER TABLE `db_users`
  ADD UNIQUE KEY `nim` (`nim`);

--
-- Indexes for table `db_votings`
--
ALTER TABLE `db_votings`
  ADD UNIQUE KEY `nim` (`nim`);

--
-- Indexes for table `header`
--
ALTER TABLE `header`
  ADD PRIMARY KEY (`id`);

--
-- Indexes for table `web_activation`
--
ALTER TABLE `web_activation`
  ADD UNIQUE KEY `code` (`code`);

--
-- Indexes for table `web_setting`
--
ALTER TABLE `web_setting`
  ADD UNIQUE KEY `code` (`code`),
  ADD UNIQUE KEY `name` (`name`);

--
-- AUTO_INCREMENT for dumped tables
--

--
-- AUTO_INCREMENT for table `header`
--
ALTER TABLE `header`
  MODIFY `id` int(11) NOT NULL AUTO_INCREMENT, AUTO_INCREMENT=2;
COMMIT;

/*!40101 SET CHARACTER_SET_CLIENT=@OLD_CHARACTER_SET_CLIENT */;
/*!40101 SET CHARACTER_SET_RESULTS=@OLD_CHARACTER_SET_RESULTS */;
/*!40101 SET COLLATION_CONNECTION=@OLD_COLLATION_CONNECTION */;
